vol,ask,bid,open,close,high,low,start,end
1411060,127328.25,127313.75,4399.5,4368.5,4408.5,4363,2023-05-23 08:30:00,2023-05-23 15:30:00
1582220,125726.5,125712.5,4350.5,4351,4358.25,4324,2023-05-24 08:30:00,2023-05-24 15:30:00
1549341,126607.5,126593,4371.75,4369.5,4385.5,4347.5,2023-05-25 08:30:00,2023-05-25 15:30:00
1427006,128041,128024,4380.25,4429.25,4431.25,4375.5,2023-05-26 08:30:00,2023-05-26 15:30:00
28515,66521,66513.5,4432.5,4438.25,4437.25,4430.25,2023-05-29 08:30:00,2023-05-29 17:15:00
1549450,128401.5,128387.25,4447.25,4425.25,4449,4410,2023-05-30 08:30:00,2023-05-30 15:30:00
1805654,127559.5,127545,4406,4401.5,4414.5,4384,2023-05-31 08:30:00,2023-05-31 15:30:00
1537275,128394,128378.5,4401.75,4440.75,4449.75,4388,2023-06-01 08:30:00,2023-06-01 15:30:00
1608744,130273.75,130257.75,4462.75,4498.75,4507.75,4459,2023-06-02 08:30:00,2023-06-02 15:30:00
1416090,130585.75,130571.25,4500.75,4491.75,4515.75,4483,2023-06-05 08:30:00,2023-06-05 15:30:00
1304211,130331.25,130316.75,4489.5,4501.75,4504.75,4478.5,2023-06-06 08:30:00,2023-06-06 15:30:00
1640103,130278.25,130263.75,4503.5,4485,4514.75,4479.25,2023-06-07 08:30:00,2023-06-07 15:30:00
1247165,130461.25,130446.75,4482.5,4506.5,4512.5,4474.5,2023-06-08 08:30:00,2023-06-08 15:30:00
1254873,131056.25,131041.75,4512,4519,4535.5,4504,2023-06-09 08:30:00,2023-06-09 15:30:00
993886,131442,131427.75,4528.5,4554.75,4555.75,4517.5,2023-06-12 08:30:00,2023-06-12 15:30:00
1446872,132813.5,132799.25,4579,4582,4589.5,4562.25,2023-06-13 08:30:00,2023-06-13 15:30:00
1542718,133053.5,133039,4586.5,4588.25,4605.75,4549.75,2023-06-14 08:30:00,2023-06-14 15:30:00
1485148,133959,133943,4572.5,4635.25,4651.75,4572.25,2023-06-15 08:30:00,2023-06-15 15:30:00
1479487,134550.75,134536.25,4646.25,4627.75,4660,4617.25,2023-06-16 08:30:00,2023-06-16 15:30:00
46241,69200.25,69192.75,4616.25,4612.75,4616.75,4609.25,2023-06-19 08:30:00,2023-06-19 17:15:00
1178994,133355.75,133341.75,4609.25,4598.5,4611,4576.75,2023-06-20 08:30:00,2023-06-20 15:30:00
1239246,132902.5,132888,4586.25,4575.75,4597,4569.75,2023-06-21 08:30:00,2023-06-21 15:30:00
1097784,132777,132762.75,4563,4589.25,4591.75,4560,2023-06-22 08:30:00,2023-06-22 15:30:00
1224400,132289.75,132275.5,4557.25,4552.75,4574.25,4547.75,2023-06-23 08:30:00,2023-06-23 15:30:00
1352800,131954.75,131940.25,4552.5,4540,4569.25,4534.75,2023-06-26 08:30:00,2023-06-26 15:30:00
1253553,132530.75,132515.75,4545.5,4581,4591,4540.75,2023-06-27 08:30:00,2023-06-27 15:30:00
1435132,132808.5,132794,4573.5,4589.5,4596.5,4565.5,2023-06-28 08:30:00,2023-06-28 15:30:00
1322602,133210.75,133196.5,4581.25,4603.75,4604.25,4576,2023-06-29 08:30:00,2023-06-29 15:30:00
1379513,134904,134889.5,4636.25,4648.25,4664.25,4631.25,2023-06-30 08:30:00,2023-06-30 15:30:00
441615,74476,74468,4650.75,4654.75,4660.25,4645.75,2023-07-03 08:30:00,2023-07-03 17:15:00
20613,69852,69844.75,4654.75,4655.75,4658,4654.5,2023-07-04 08:30:00,2023-07-04 17:15:00
870593,134885.75,134871.25,4638.5,4649.5,4657.5,4636.25,2023-07-05 08:30:00,2023-07-05 15:30:00
1340231,133543.5,133529.25,4610.25,4611.5,4617.25,4585.75,2023-07-06 08:30:00,2023-07-06 15:30:00
1285900,134018.75,134004,4603.75,4605,4642.25,4598,2023-07-07 08:30:00,2023-07-07 15:30:00
1065243,133513.75,133499.25,4598,4612,4614.5,4590.25,2023-07-10 08:30:00,2023-07-10 15:30:00
1104682,134103.25,134089.25,4622.25,4639,4644.75,4608.25,2023-07-11 08:30:00,2023-07-11 15:30:00
1418459,135669.25,135654.75,4679.25,4677,4690,4663.25,2023-07-12 08:30:00,2023-07-12 15:30:00
897900,136324.5,136310,4690.75,4705.25,4717.75,4687.5,2023-07-13 08:30:00,2023-07-13 15:30:00
1147346,136668.75,136654.5,4716.75,4701.75,4726.75,4697.25,2023-07-14 08:30:00,2023-07-14 15:30:00
868616,136782.25,136768,4699.5,4717.25,4732,4699.25,2023-07-17 08:30:00,2023-07-17 15:30:00
1082434,137499.25,137484.75,4714.75,4750.75,4760.75,4711.5,2023-07-18 08:30:00,2023-07-18 15:30:00
1287915,138219,138204.5,4759.25,4761,4775.5,4754.75,2023-07-19 08:30:00,2023-07-19 15:30:00
1260244,137555.5,137541,4746,4734,4760.5,4723.5,2023-07-20 08:30:00,2023-07-20 15:30:00
1206319,137491.75,137477.25,4753.25,4728.75,4754.75,4728.5,2023-07-21 08:30:00,2023-07-21 15:30:00
995700,137749.5,137735,4739.75,4751.75,4758.75,4735,2023-07-24 08:30:00,2023-07-24 15:30:00
1010503,138103.25,138088.75,4747.25,4769.25,4775,4745.5,2023-07-25 08:30:00,2023-07-25 15:30:00
1136112,137885.5,137871,4750.75,4764,4777,4740,2023-07-26 08:30:00,2023-07-26 15:30:00
1584583,138320.25,138303.25,4796.25,4734,4799.75,4720,2023-07-27 08:30:00,2023-07-27 15:30:00
1195038,138390,138375.5,4759,4774,4782.75,4755,2023-07-28 08:30:00,2023-07-28 15:30:00
1027476,138489.25,138474.75,4781.75,4783.25,4785.5,4764,2023-07-31 08:30:00,2023-07-31 15:30:00
938426,138225,138210.5,4764.75,4767.25,4775.5,4757.25,2023-08-01 08:30:00,2023-08-01 15:30:00
1447482,136652,136636.75,4734.5,4704,4737,4694,2023-08-02 08:30:00,2023-08-02 15:30:00
1353708,136064.5,136050.25,4684.5,4703.25,4706.75,4672,2023-08-03 08:30:00,2023-08-03 15:30:00
1615354,136302,136287.25,4706.5,4666.5,4727,4660,2023-08-04 08:30:00,2023-08-04 15:30:00
1137870,136089,136074.5,4685.25,4707,4707.5,4676.75,2023-08-07 08:30:00,2023-08-07 15:30:00
1359958,135342,135327.5,4670.75,4683,4688.5,4648.25,2023-08-08 08:30:00,2023-08-08 15:30:00
1412714,135420.75,135406.25,4688,4659.25,4689.5,4644.5,2023-08-09 08:30:00,2023-08-09 15:30:00
1870461,135421,135404.5,4680.5,4653.25,4711,4639.75,2023-08-10 08:30:00,2023-08-10 15:30:00
1250218,134692,134677.5,4639,4650.5,4659.25,4625.25,2023-08-11 08:30:00,2023-08-11 15:30:00
1004062,135125.5,135111,4640,4673.25,4674,4635.25,2023-08-14 08:30:00,2023-08-14 15:30:00
1149884,134384,134369.5,4648.75,4620.25,4657.25,4613.25,2023-08-15 08:30:00,2023-08-15 15:30:00
1255108,133738,133723.5,4613.5,4584.5,4631.75,4583.25,2023-08-16 08:30:00,2023-08-16 15:30:00
1336760,132774.75,132760.25,4598.75,4546.5,4602,4544.75,2023-08-17 08:30:00,2023-08-17 15:30:00
1380021,131712,131697.5,4528.25,4549,4562.25,4516.25,2023-08-18 08:30:00,2023-08-18 15:30:00
1134998,132333,132318.75,4559.25,4574.75,4587.25,4538.5,2023-08-21 08:30:00,2023-08-21 15:30:00
1133671,132663.5,132649,4595.5,4564.75,4598.25,4560.5,2023-08-22 08:30:00,2023-08-22 15:30:00
1015802,133571.25,133556,4576,4630.25,4635.5,4573.25,2023-08-23 08:30:00,2023-08-23 15:30:00
1478787,133001.5,132984,4633,4546.5,4635,4546.25,2023-08-24 08:30:00,2023-08-24 15:30:00
1616752,132530.75,132516,4567.5,4581.5,4595.25,4531.5,2023-08-25 08:30:00,2023-08-25 15:30:00
1076454,133454.75,133440.25,4602.25,4610,4615.75,4589.5,2023-08-28 08:30:00,2023-08-28 15:30:00
1195341,134942.25,134926.5,4604.25,4674,4675.75,4602,2023-08-29 08:30:00,2023-08-29 15:30:00
1117954,135960,135945.5,4675.5,4693,4697,4667.25,2023-08-30 08:30:00,2023-08-30 15:30:00
1132892,136144.5,136130.25,4696,4684,4706,4679,2023-08-31 08:30:00,2023-08-31 15:30:00
1106603,135958,135943.75,4709.5,4687,4714,4673.5,2023-09-01 08:30:00,2023-09-01 15:30:00
45365,70312.5,70305.25,4691.75,4684.5,4694.5,4681.5,2023-09-04 08:30:00,2023-09-04 17:15:00
1003708,135644.75,135630.25,4680,4667.25,4687,4666.25,2023-09-05 08:30:00,2023-09-05 15:30:00
1354368,134417.75,134402,4659,4635.25,4660.5,4613.25,2023-09-06 08:30:00,2023-09-06 15:30:00
1210669,133918.75,133904.25,4604.75,4623.5,4629.25,4600.5,2023-09-07 08:30:00,2023-09-07 15:30:00
908603,134299.75,134285.25,4621.5,4633,4643.75,4617.75,2023-09-08 08:30:00,2023-09-08 15:30:00
773042,134870,134855.5,4652.75,4655.75,4660.5,4636.5,2023-09-11 08:30:00,2023-09-11 15:30:00
915238,134553.5,134539.25,4639.5,4631.5,4656,4624.25,2023-09-12 08:30:00,2023-09-12 15:30:00
1066849,134510,134496,4626.5,4637.5,4647.25,4620,2023-09-13 08:30:00,2023-09-13 15:30:00
1172034,135359,135344.5,4659.75,4678,4679,4645,2023-09-14 08:30:00,2023-09-14 15:30:00
1472336,134272.75,134256.25,4662.75,4617.75,4663.75,4611,2023-09-15 08:30:00,2023-09-15 15:30:00
930000,134005,133990.5,4610.5,4620.5,4631.5,4607,2023-09-18 08:30:00,2023-09-18 15:30:00
1221288,133325.75,133311.5,4609,4608.25,4613.75,4579.25,2023-09-19 08:30:00,2023-09-19 15:30:00
1274145,133647.5,133633,4624,4563.75,4624.5,4560.5,2023-09-20 08:30:00,2023-09-20 15:30:00
1573123,130907.25,130892.75,4527.75,4484.25,4535.5,4483.75,2023-09-21 08:30:00,2023-09-21 15:30:00
1385616,130454.25,130439.75,4503.75,4481,4516,4474.25,2023-09-22 08:30:00,2023-09-22 15:30:00
1241004,129990,129975.5,4459,4498.5,4499.5,4458.5,2023-09-25 08:30:00,2023-09-25 15:30:00
1408092,128891.5,128876.25,4466.5,4437,4471,4422.5,2023-09-26 08:30:00,2023-09-26 15:30:00
1652105,128343,128328,4449.5,4437.25,4450.25,4394,2023-09-27 08:30:00,2023-09-27 15:30:00
1565822,129089.25,129072.5,4425.75,4456.75,4472.75,4418,2023-09-28 08:30:00,2023-09-28 15:30:00
1697449,129277,129260.75,4485,4448.25,4488.25,4428,2023-09-29 08:30:00,2023-09-29 15:30:00
1581438,128466,128451.5,4431.5,4443.75,4454.75,4412.5,2023-10-02 08:30:00,2023-10-02 15:30:00
1836271,127260.5,127245.5,4413.25,4384.25,4434,4368.25,2023-10-03 08:30:00,2023-10-03 15:30:00
1653133,127481.5,127467,4389.75,4410.25,4421,4371.25,2023-10-04 08:30:00,2023-10-04 15:30:00
1351759,127562.75,127548.5,4400.5,4403.75,4417.75,4375,2023-10-05 08:30:00,2023-10-05 15:30:00
1730726,128656.75,128641,4375.75,4462.5,4475.5,4368.5,2023-10-06 08:30:00,2023-10-06 15:30:00
1137269,129432.75,129415.75,4435.75,4486.25,4492.75,4433,2023-10-09 08:30:00,2023-10-09 15:30:00
1310679,130963.5,130947,4493,4508.5,4536,4488.25,2023-10-10 08:30:00,2023-10-10 15:30:00
1161987,130851.25,130836.75,4519.5,4534.25,4535.75,4494.25,2023-10-11 08:30:00,2023-10-11 15:30:00
1554353,130794.75,130778.75,4528.5,4498.5,4534.5,4472.5,2023-10-12 08:30:00,2023-10-12 15:30:00
1822002,130058.5,130043.75,4513,4469,4524.75,4457.75,2023-10-13 08:30:00,2023-10-13 15:30:00
1378822,131050.5,131036,4497.25,4524,4531.25,4494.75,2023-10-16 08:30:00,2023-10-16 15:30:00
1580710,130896.25,130881.75,4492.25,4516.5,4540.25,4482.75,2023-10-17 08:30:00,2023-10-17 15:30:00
1947077,129960.25,129945.75,4499.75,4466,4509.5,4447.75,2023-10-18 08:30:00,2023-10-18 15:30:00
2346592,128967.25,128952.75,4467.75,4414.5,4483.5,4409.75,2023-10-19 08:30:00,2023-10-19 15:30:00
1935993,127200,127183.75,4407.25,4364.25,4419.25,4360.5,2023-10-20 08:30:00,2023-10-20 15:30:00
1603180,126783.25,126768.75,4347,4366.5,4397.75,4330.25,2023-10-23 08:30:00,2023-10-23 15:30:00
1499551,127113.75,127099.25,4381.25,4388,4407.5,4359,2023-10-24 08:30:00,2023-10-24 15:30:00
1683539,125909.5,125895,4372,4333.5,4373,4320.75,2023-10-25 08:30:00,2023-10-25 15:30:00
1935103,124457.75,124441.5,4317.5,4282.75,4322,4263.25,2023-10-26 08:30:00,2023-10-26 15:30:00
1823641,123757.5,123743,4291,4255,4294.5,4239.25,2023-10-27 08:30:00,2023-10-27 15:30:00
1603293,124462.75,124448.25,4280.25,4301,4314.5,4269,2023-10-30 08:30:00,2023-10-30 15:30:00
1473343,125118.25,125104,4306.5,4320.25,4332,4288.75,2023-10-31 08:30:00,2023-10-31 15:30:00
1691788,126234.25,126219.75,4332.75,4372,4381.75,4332.5,2023-11-01 08:30:00,2023-11-01 15:30:00
1409849,128683.5,128668.5,4411.25,4449,4454.75,4407.75,2023-11-02 08:30:00,2023-11-02 15:30:00
1394944,130345,130328.25,4472.75,4496.5,4508.75,4472.25,2023-11-03 08:30:00,2023-11-03 15:30:00
949910,130376.75,130362.75,4497.75,4495,4506.5,4481.25,2023-11-06 08:30:00,2023-11-06 15:30:00
953550,130750.5,130736,4493.75,4516.5,4519.5,4489.25,2023-11-07 08:30:00,2023-11-07 15:30:00
1004777,130830,130815.5,4514.75,4513,4524.75,4492,2023-11-08 08:30:00,2023-11-08 15:30:00
1526058,130798.75,130783.25,4524.5,4479,4530,4475.5,2023-11-09 08:30:00,2023-11-09 15:30:00
1186312,130898.25,130883.75,4491.75,4545,4545.5,4484.75,2023-11-10 08:30:00,2023-11-10 15:30:00
909240,131707.5,131693,4538,4547.75,4553.75,4524.25,2023-11-13 08:30:00,2023-11-13 15:30:00
1370120,133940.5,133923.75,4546.75,4639,4641.25,4537.25,2023-11-14 08:30:00,2023-11-14 15:30:00
1087764,134631.5,134617,4649.25,4640.25,4658.25,4627.75,2023-11-15 08:30:00,2023-11-15 15:30:00
1053510,134298,134283.5,4625.75,4633.5,4643.25,4618.75,2023-11-16 08:30:00,2023-11-16 15:30:00
900607,134659,134644.75,4655.5,4648,4656.5,4629.75,2023-11-17 08:30:00,2023-11-17 15:30:00
806995,135239.75,135225.5,4643,4687,4688,4640.25,2023-11-20 08:30:00,2023-11-20 15:30:00
756512,135306.5,135292,4669.5,4667.75,4672,4654.75,2023-11-21 08:30:00,2023-11-21 15:30:00
1072414,135848.25,135833.75,4677.25,4686,4697.5,4672,2023-11-22 08:30:00,2023-11-22 15:30:00
34667,89072.25,89062.75,4686,4686.75,4689.75,4684.5,2023-11-23 08:30:00,2023-11-23 18:15:00
1092888,229430.5,229406.75,4681.25,4681.75,4688,4672.5,2023-11-27 08:30:00,2023-11-27 15:30:00
1066610,135650.75,135636.5,4665.5,4675,4694.25,4664.5,2023-11-28 08:30:00,2023-11-28 15:30:00
1145842,136141.75,136127.25,4703,4675,4714,4674,2023-11-29 08:30:00,2023-11-29 15:30:00
1373828,135608.25,135593.75,4691.5,4669.75,4695.25,4661.75,2023-11-30 08:30:00,2023-11-30 15:30:00
1413073,136391.5,136377,4684.25,4718.75,4724.75,4679.5,2023-12-01 08:30:00,2023-12-01 15:30:00
1265339,135926.5,135912,4702.75,4687.5,4705.25,4670.5,2023-12-04 08:30:00,2023-12-04 15:30:00
1347329,135941.25,135927.25,4679,4691.75,4702.5,4672.5,2023-12-05 08:30:00,2023-12-05 15:30:00
1284533,136187.75,136173.25,4701,4675.75,4715.5,4674,2023-12-06 08:30:00,2023-12-06 15:30:00
1220414,136289.75,136275.25,4677,4706.75,4713,4674.75,2023-12-07 08:30:00,2023-12-07 15:30:00
1098377,136658,136643.5,4698.25,4727,4728.5,4678.75,2023-12-08 08:30:00,2023-12-08 15:30:00
764817,137155.5,137141,4720.5,4736.5,4740.5,4717.25,2023-12-11 08:30:00,2023-12-11 15:30:00
857945,137660.25,137646,4748.5,4761.5,4762,4726.5,2023-12-12 08:30:00,2023-12-12 15:30:00
1159444,138448,138432.5,4766.5,4809.25,4828.5,4761,2023-12-13 08:30:00,2023-12-13 15:30:00
1422595,140357.25,140343,4837.25,4832.75,4856,4810.5,2023-12-14 08:30:00,2023-12-14 15:30:00
1113068,140213.75,140199.5,4846.25,4831.75,4849,4821.5,2023-12-15 08:30:00,2023-12-15 15:30:00
754368,140809.75,140795.25,4844,4864,4866.5,4842,2023-12-18 08:30:00,2023-12-18 15:30:00
767909,141361.75,141347.25,4867.75,4878.25,4881.25,4860.75,2023-12-19 08:30:00,2023-12-19 15:30:00
1092904,141563.5,141548.5,4874.75,4827.75,4895,4825.25,2023-12-20 08:30:00,2023-12-20 15:30:00
1187281,140370.5,140356,4838.75,4851,4859,4819.75,2023-12-21 08:30:00,2023-12-21 15:30:00
947172,141334,141319.5,4861,4872,4886,4849,2023-12-22 08:30:00,2023-12-22 15:30:00
397474,141590.5,141576.25,4873.5,4894.75,4898.75,4872,2023-12-26 08:30:00,2023-12-26 15:30:00
666027,141798.5,141784.25,4890.5,4888.25,4899.25,4880.75,2023-12-27 08:30:00,2023-12-27 15:30:00
581503,142076.75,142062.5,4897.5,4897.75,4904,4892.75,2023-12-28 08:30:00,2023-12-28 15:30:00
760287,141601.5,141586.75,4894.25,4886.25,4899.25,4861,2023-12-29 08:30:00,2023-12-29 15:30:00
1105921,140575.5,140561,4842.75,4834,4861.75,4829.75,2024-01-02 08:30:00,2024-01-02 15:30:00
1203142,139913.25,139898.75,4832.5,4816,4837,4810.75,2024-01-03 08:30:00,2024-01-03 15:30:00
927933,139615.5,139601,4813.25,4803.25,4830.75,4801.25,2024-01-04 08:30:00,2024-01-04 15:30:00
1325624,139209.5,139194.5,4782.75,4789,4824.5,4766.25,2024-01-05 08:30:00,2024-01-05 15:30:00
895490,139945.75,139930.75,4799,4856.75,4860.25,4797,2024-01-08 08:30:00,2024-01-08 15:30:00
937591,140678.5,140664,4847.5,4856.5,4868.25,4831.75,2024-01-09 08:30:00,2024-01-09 15:30:00
923622,141225.75,141211.25,4858.75,4880.5,4892.75,4852,2024-01-10 08:30:00,2024-01-10 15:30:00
1446508,141138,141123.25,4892,4874.25,4901.25,4837,2024-01-11 08:30:00,2024-01-11 15:30:00
1069921,141501.75,141487.25,4866.25,4876.25,4900.75,4863,2024-01-12 08:30:00,2024-01-12 15:30:00
52503,92650.5,92641,4871.25,4876.5,4877.75,4871,2024-01-15 08:30:00,2024-01-15 18:15:00
1291043,140991,140976.5,4863,4853.75,4880,4843.75,2024-01-16 08:30:00,2024-01-16 15:30:00
1178015,140062.75,140048.25,4843.5,4821,4844,4810.5,2024-01-17 08:30:00,2024-01-17 15:30:00
1244344,140736.25,140722,4854.75,4874.75,4874.75,4834.25,2024-01-18 08:30:00,2024-01-18 15:30:00
1315309,142281,142266.5,4904.75,4932.25,4938.5,4879.25,2024-01-19 08:30:00,2024-01-19 15:30:00
919141,143541.75,143527.25,4952.5,4951.25,4962.5,4937.75,2024-01-22 08:30:00,2024-01-22 15:30:00
736242,143500.75,143486.5,4949,4956.5,4960.25,4938.5,2024-01-23 08:30:00,2024-01-23 15:30:00
1112567,144582,144567.5,4986.75,4964.25,4997.5,4963.25,2024-01-24 08:30:00,2024-01-24 15:30:00
1107175,144320.25,144305.75,4963,4972.75,4990.75,4959.75,2024-01-25 08:30:00,2024-01-25 15:30:00
950845,144587,144572.5,4985.5,4981.5,4998.5,4971.75,2024-01-26 08:30:00,2024-01-26 15:30:00
760788,144625.25,144610.75,4983,5015.25,5020.25,4977,2024-01-29 08:30:00,2024-01-29 15:30:00
751808,145389.5,145375,5007.25,5019,5021.5,5005,2024-01-30 08:30:00,2024-01-30 15:30:00
1565428,144366,144352,4993,4950.5,5001.25,4940,2024-01-31 08:30:00,2024-01-31 15:30:00
1280029,143919,143904.5,4951,4988.25,4991.25,4938.75,2024-02-01 08:30:00,2024-02-01 15:30:00
1431265,145842.75,145826.75,5025.5,5060.5,5062,4990,2024-02-02 08:30:00,2024-02-02 15:30:00
1034725,145798.75,145784,5037.25,5036.75,5041.75,5002,2024-02-05 08:30:00,2024-02-05 15:30:00
932848,145845,145830.5,5029.5,5030.5,5042.5,5019.25,2024-02-06 08:30:00,2024-02-06 15:30:00
975675,147052,147037.75,5052,5080.5,5084.25,5050.75,2024-02-07 08:30:00,2024-02-07 15:30:00
682357,147193.75,147179.75,5072,5080.75,5082.5,5068.5,2024-02-08 08:30:00,2024-02-08 15:30:00
839224,147830.75,147816.5,5089.75,5107.25,5112.75,5080.5,2024-02-09 08:30:00,2024-02-09 15:30:00
812012,148335.5,148321.25,5109,5104.5,5130.75,5097.5,2024-02-12 08:30:00,2024-02-12 15:30:00
1502312,146131.75,146116.25,5088.5,5006.75,5092.25,5000.75,2024-02-13 08:30:00,2024-02-13 15:30:00
1126619,146676.75,146662.25,5063,5073.25,5075.5,5037,2024-02-14 08:30:00,2024-02-14 15:30:00
957375,147729.75,147715.25,5088.5,5107,5112.75,5078,2024-02-15 08:30:00,2024-02-15 15:30:00
1124626,148072.75,148058.25,5118.75,5095.5,5120.25,5077,2024-02-16 08:30:00,2024-02-16 15:30:00
41401,96706.25,96696.75,5088.25,5084,5093,5087.25,2024-02-19 08:30:00,2024-02-19 18:15:00
1009152,146547.75,146533.25,5070.5,5056,5073.5,5032.5,2024-02-20 08:30:00,2024-02-20 15:30:00
964650,146196.25,146181.75,5041,5032.5,5051.25,5023.25,2024-02-21 08:30:00,2024-02-21 15:30:00
1142587,149167.75,149153.25,5124.5,5164.25,5172,5116.5,2024-02-22 08:30:00,2024-02-22 15:30:00
959574,149993,149978.75,5166.25,5164.75,5187.75,5156.75,2024-02-23 08:30:00,2024-02-23 15:30:00
744374,149667.25,149652.75,5164.25,5153.75,5172.25,5145,2024-02-26 08:30:00,2024-02-26 15:30:00
717294,149182,149167.5,5148.75,5151.5,5153.25,5131.25,2024-02-27 08:30:00,2024-02-27 15:30:00
813109,149150.25,149135.75,5134.75,5144.5,5152,5132.75,2024-02-28 08:30:00,2024-02-28 15:30:00
1116840,149497.5,149483,5132,5162.75,5169.75,5127.5,2024-02-29 08:30:00,2024-02-29 15:30:00
1095608,150502.75,150488.25,5169.25,5209.5,5213.5,5163.25,2024-03-01 08:30:00,2024-03-01 15:30:00
786424,151005.25,150990.75,5204.25,5214.75,5222,5196.25,2024-03-04 08:30:00,2024-03-04 15:30:00
1288233,149678.5,149663.5,5187.25,5128.5,5187.75,5127.25,2024-03-05 08:30:00,2024-03-05 15:30:00
1485690,150295.25,150280.75,5174.25,5169.5,5198.75,5162,2024-03-06 08:30:00,2024-03-06 15:30:00
1128913,151293.25,151278.5,5188.75,5221.75,5234.75,5188.75,2024-03-07 08:30:00,2024-03-07 15:30:00
1702432,151480,151464,5219.5,5194.25,5257.25,5186,2024-03-08 08:30:00,2024-03-08 15:30:00
937598,150171,150156.5,5178.5,5187.75,5191.5,5157,2024-03-11 08:30:00,2024-03-11 15:30:00
1314695,151562.25,151547.75,5202,5242.75,5246.75,5180,2024-03-12 08:30:00,2024-03-12 15:30:00
1133662,151890.5,151876,5242.25,5236.75,5246,5217.5,2024-03-13 08:30:00,2024-03-13 15:30:00
1729689,151257,151241.5,5240,5218,5241.5,5188,2024-03-14 08:30:00,2024-03-14 15:30:00
1527916,150350.5,150333.5,5211.75,5186.25,5212,5167.75,2024-03-15 08:30:00,2024-03-15 15:30:00
1131393,151568.75,151554.25,5222.75,5214.75,5240.25,5210.25,2024-03-18 08:30:00,2024-03-18 15:30:00
1095379,151427,151410.75,5199.25,5240.25,5244.75,5195.25,2024-03-19 08:30:00,2024-03-19 15:30:00
1199842,152294.25,152279.5,5237.5,5294.5,5295.75,5233,2024-03-20 08:30:00,2024-03-20 15:30:00
1055703,154112.5,154098,5310.75,5307.75,5322.75,5300,2024-03-21 08:30:00,2024-03-21 15:30:00
873833,153644,153629.5,5300.25,5288.5,5306,5287.75,2024-03-22 08:30:00,2024-03-22 15:30:00
692242,153224.75,153210.75,5278,5278.75,5288.75,5274.25,2024-03-25 08:30:00,2024-03-25 15:30:00
880128,153316.5,153302,5287,5272.25,5294.5,5263,2024-03-26 08:30:00,2024-03-26 15:30:00
1206346,153205.5,153190.5,5289.75,5311.25,5313.75,5270.75,2024-03-27 08:30:00,2024-03-27 15:30:00
969216,154036.75,154022.5,5310.5,5306.25,5321,5302,2024-03-28 08:30:00,2024-03-28 15:30:00
925614,153597,153582.75,5311.5,5291.75,5317.25,5282.25,2024-04-01 08:30:00,2024-04-01 15:30:00
1111236,152212,152195.5,5252.5,5262.5,5262.5,5235,2024-04-02 08:30:00,2024-04-02 15:30:00
1127043,152843.25,152828.75,5248.25,5270.5,5280.75,5244.5,2024-04-03 08:30:00,2024-04-03 15:30:00
1648361,153006,152989,5303.25,5193.5,5308.5,5192.5,2024-04-04 08:30:00,2024-04-04 15:30:00
1483090,152135.5,152118.5,5205.5,5253.75,5272.5,5205.25,2024-04-05 08:30:00,2024-04-05 15:30:00
897003,152501,152486.5,5264.25,5256,5268.75,5245.25,2024-04-08 08:30:00,2024-04-08 15:30:00
1411298,151999.25,151983.75,5267.25,5266,5274.25,5208.25,2024-04-09 08:30:00,2024-04-09 15:30:00
1874615,150858.75,150844,5181.75,5199.5,5226.5,5181.5,2024-04-10 08:30:00,2024-04-10 15:30:00
1359442,151494.75,151478.75,5218.75,5244.75,5257.5,5181.75,2024-04-11 08:30:00,2024-04-11 15:30:00
1608338,150185,150168.5,5202,5169,5218.75,5150,2024-04-12 08:30:00,2024-04-12 15:30:00
1782941,149412,149394,5211.5,5098.75,5213.25,5094,2024-04-15 08:30:00,2024-04-15 15:30:00
1665561,147927,147912.75,5112.25,5091.75,5123.25,5078.75,2024-04-16 08:30:00,2024-04-16 15:30:00
1620571,147317.25,147301.5,5119,5062,5120.5,5047,2024-04-17 08:30:00,2024-04-17 15:30:00
1429450,146881.75,146865.5,5074.75,5048.75,5095.25,5038.5,2024-04-18 08:30:00,2024-04-18 15:30:00
1701732,145659.5,145644.5,5044.25,5005.25,5058,4991.25,2024-04-19 08:30:00,2024-04-19 15:30:00
1292481,146157.75,146143.5,5033.25,5046,5076.75,5006,2024-04-22 08:30:00,2024-04-22 15:30:00
1120769,147905.75,147891.25,5068.5,5111.75,5113,5063.75,2024-04-23 08:30:00,2024-04-23 15:30:00
1235159,147976.5,147962,5109.75,5082,5124.75,5072.25,2024-04-24 08:30:00,2024-04-24 15:30:00
1523996,146749.75,146733.5,5036,5124,5131.75,5022.25,2024-04-25 08:30:00,2024-04-25 15:30:00
1126355,148900.25,148885,5114.5,5130.25,5146.5,5104.5,2024-04-26 08:30:00,2024-04-26 15:30:00
977362,149198.5,149184.25,5144,5147,5154.25,5118.75,2024-04-29 08:30:00,2024-04-29 15:30:00
1381038,148138,148123,5130.25,5054,5141.25,5051,2024-04-30 08:30:00,2024-04-30 15:30:00
1705451,146817,146801.5,5056.5,5050.75,5126.75,5042.25,2024-05-01 08:30:00,2024-05-01 15:30:00
1285749,147180.25,147165.75,5077.75,5091.75,5100.75,5036.25,2024-05-02 08:30:00,2024-05-02 15:30:00
1288266,149369.75,149354.5,5145.75,5160,5166.75,5126.75,2024-05-03 08:30:00,2024-05-03 15:30:00
845379,150470.5,150456,5173.75,5205.25,5207.75,5173.5,2024-05-06 08:30:00,2024-05-06 15:30:00
928160,151303.5,151289,5214.25,5214.25,5226.75,5205.5,2024-05-07 08:30:00,2024-05-07 15:30:00
811831,151036.75,151022.25,5194.5,5209.25,5217.25,5191,2024-05-08 08:30:00,2024-05-08 15:30:00
907844,151614.5,151600,5214.5,5242.75,5244.75,5204.25,2024-05-09 08:30:00,2024-05-09 15:30:00
914130,152121,152106.75,5252.5,5243,5264,5232.75,2024-05-10 08:30:00,2024-05-10 15:30:00
778617,152192.5,152178,5262.5,5243.25,5264,5233.25,2024-05-13 08:30:00,2024-05-13 15:30:00
992872,152393,152378.5,5248.5,5267.5,5274.25,5241.25,2024-05-14 08:30:00,2024-05-14 15:30:00
1109496,154175.25,154160.75,5297,5327.75,5337.25,5286.75,2024-05-15 08:30:00,2024-05-15 15:30:00
1009627,154731.25,154716.75,5330.75,5317.5,5349,5317,2024-05-16 08:30:00,2024-05-16 15:30:00
860735,154302.25,154288,5324.25,5327.5,5328.75,5305.75,2024-05-17 08:30:00,2024-05-17 15:30:00
870003,154824.5,154810,5329.75,5330.75,5348.25,5323.75,2024-05-20 08:30:00,2024-05-20 15:30:00
819085,154714.25,154699.75,5325.5,5345,5347.5,5322.5,2024-05-21 08:30:00,2024-05-21 15:30:00
1067614,154673.75,154659,5336,5328.75,5347,5306.75,2024-05-22 08:30:00,2024-05-22 15:30:00
